masks,images
CAMO-V.1.0-CVIU2019/GT/camourflage_00001.png,CAMO-V.1.0-CVIU2019/Training_Images/1.jpg
CAMO-V.1.0-CVIU2019/GT/camourflage_00010.png,CAMO-V.1.0-CVIU2019/Training_Images/10.jpg
CAMO-V.1.0-CVIU2019/GT/camourflage_00100.png,CAMO-V.1.0-CVIU2019/Training_Images/100.jpg
CAMO-V.1.0-CVIU2019/GT/camourflage_00101.png,CAMO-V.1.0-CVIU2019/Training_Images/101.jpg
CAMO-V.1.0-CVIU2019/GT/camourflage_00102.png,CAMO-V.1.0-CVIU2019/Training_Images/102.jpg
CAMO-V.1.0-CVIU2019/GT/camourflage_00103.png,CAMO-V.1.0-CVIU2019/Training_Images/103.jpg
CAMO-V.1.0-CVIU2019/GT/camourflage_00104.png,CAMO-V.1.0-CVIU2019/Training_Images/104.jpg
CAMO-V.1.0-CVIU2019/GT/camourflage_00105.png,CAMO-V.1.0-CVIU2019/Training_Images/105.jpg
CAMO-V.1.0-CVIU2019/GT/camourflage_00106.png,CAMO-V.1.0-CVIU2019/Training_Images/106.jpg
CAMO-V.1.0-CVIU2019/GT/camourflage_00107.png,CAMO-V.1.0-CVIU2019/Training_Images/107.jpg
CAMO-V.1.0-CVIU2019/GT/camourflage_00108.png,CAMO-V.1.0-CVIU2019/Training_Images/108.jpg
CAMO-V.1.0-CVIU2019/GT/camourflage_00109.png,CAMO-V.1.0-CVIU2019/Training_Images/109.jpg
CAMO-V.1.0-CVIU2019/GT/camourflage_00011.png,CAMO-V.1.0-CVIU2019/Training_Images/11.jpg
CAMO-V.1.0-CVIU2019/GT/camourflage_00110.png,CAMO-V.1.0-CVIU2019/Training_Images/110.jpg
CAMO-V.1.0-CVIU2019/GT/camourflage_00111.png,CAMO-V.1.0-CVIU2019/Training_Images/111.jpg
CAMO-V.1.0-CVIU2019/GT/camourflage_00112.png,CAMO-V.1.0-CVIU2019/Training_Images/112.jpg
CAMO-V.1.0-CVIU2019/GT/camourflage_00113.png,CAMO-V.1.0-CVIU2019/Training_Images/113.jpg
CAMO-V.1.0-CVIU2019/GT/camourflage_00114.png,CAMO-V.1.0-CVIU2019/Training_Images/114.jpg
CAMO-V.1.0-CVIU2019/GT/camourflage_00115.png,CAMO-V.1.0-CVIU2019/Training_Images/115.jpg
CAMO-V.1.0-CVIU2019/GT/camourflage_00116.png,CAMO-V.1.0-CVIU2019/Training_Images/116.jpg
CAMO-V.1.0-CVIU2019/GT/camourflage_00117.png,CAMO-V.1.0-CVIU2019/Training_Images/117.jpg
CAMO-V.1.0-CVIU2019/GT/camourflage_00118.png,CAMO-V.1.0-CVIU2019/Training_Images/118.jpg
CAMO-V.1.0-CVIU2019/GT/camourflage_00119.png,CAMO-V.1.0-CVIU2019/Training_Images/119.jpg
CAMO-V.1.0-CVIU2019/GT/camourflage_00012.png,CAMO-V.1.0-CVIU2019/Training_Images/12.jpg
CAMO-V.1.0-CVIU2019/GT/camourflage_00120.png,CAMO-V.1.0-CVIU2019/Training_Images/120.jpg
CAMO-V.1.0-CVIU2019/GT/camourflage_00121.png,CAMO-V.1.0-CVIU2019/Training_Images/121.jpg
CAMO-V.1.0-CVIU2019/GT/camourflage_00122.png,CAMO-V.1.0-CVIU2019/Training_Images/122.jpg
CAMO-V.1.0-CVIU2019/GT/camourflage_00123.png,CAMO-V.1.0-CVIU2019/Training_Images/123.jpg
CAMO-V.1.0-CVIU2019/GT/camourflage_00124.png,CAMO-V.1.0-CVIU2019/Training_Images/124.jpg
CAMO-V.1.0-CVIU2019/GT/camourflage_00125.png,CAMO-V.1.0-CVIU2019/Training_Images/125.jpg
CAMO-V.1.0-CVIU2019/GT/camourflage_00126.png,CAMO-V.1.0-CVIU2019/Training_Images/126.jpg
CAMO-V.1.0-CVIU2019/GT/camourflage_00127.png,CAMO-V.1.0-CVIU2019/Training_Images/127.jpg
CAMO-V.1.0-CVIU2019/GT/camourflage_00128.png,CAMO-V.1.0-CVIU2019/Training_Images/128.jpg
CAMO-V.1.0-CVIU2019/GT/camourflage_00129.png,CAMO-V.1.0-CVIU2019/Training_Images/129.jpg
CAMO-V.1.0-CVIU2019/GT/camourflage_00013.png,CAMO-V.1.0-CVIU2019/Training_Images/13.jpg
CAMO-V.1.0-CVIU2019/GT/camourflage_00130.png,CAMO-V.1.0-CVIU2019/Training_Images/130.jpg
CAMO-V.1.0-CVIU2019/GT/camourflage_00131.png,CAMO-V.1.0-CVIU2019/Training_Images/131.jpg
CAMO-V.1.0-CVIU2019/GT/camourflage_00132.png,CAMO-V.1.0-CVIU2019/Training_Images/132.jpg
CAMO-V.1.0-CVIU2019/GT/camourflage_00133.png,CAMO-V.1.0-CVIU2019/Training_Images/133.jpg
CAMO-V.1.0-CVIU2019/GT/camourflage_00134.png,CAMO-V.1.0-CVIU2019/Training_Images/134.jpg
CAMO-V.1.0-CVIU2019/GT/camourflage_00135.png,CAMO-V.1.0-CVIU2019/Training_Images/135.jpg
CAMO-V.1.0-CVIU2019/GT/camourflage_00136.png,CAMO-V.1.0-CVIU2019/Training_Images/136.jpg
CAMO-V.1.0-CVIU2019/GT/camourflage_00137.png,CAMO-V.1.0-CVIU2019/Training_Images/137.jpg
CAMO-V.1.0-CVIU2019/GT/camourflage_00138.png,CAMO-V.1.0-CVIU2019/Training_Images/138.jpg
CAMO-V.1.0-CVIU2019/GT/camourflage_00139.png,CAMO-V.1.0-CVIU2019/Training_Images/139.jpg
CAMO-V.1.0-CVIU2019/GT/camourflage_00014.png,CAMO-V.1.0-CVIU2019/Training_Images/14.jpg
CAMO-V.1.0-CVIU2019/GT/camourflage_00140.png,CAMO-V.1.0-CVIU2019/Training_Images/140.jpg
CAMO-V.1.0-CVIU2019/GT/camourflage_00141.png,CAMO-V.1.0-CVIU2019/Training_Images/141.jpg
CAMO-V.1.0-CVIU2019/GT/camourflage_00142.png,CAMO-V.1.0-CVIU2019/Training_Images/142.jpg
CAMO-V.1.0-CVIU2019/GT/camourflage_00143.png,CAMO-V.1.0-CVIU2019/Training_Images/143.jpg
CAMO-V.1.0-CVIU2019/GT/camourflage_00144.png,CAMO-V.1.0-CVIU2019/Training_Images/144.jpg
CAMO-V.1.0-CVIU2019/GT/camourflage_00145.png,CAMO-V.1.0-CVIU2019/Training_Images/145.jpg
CAMO-V.1.0-CVIU2019/GT/camourflage_00146.png,CAMO-V.1.0-CVIU2019/Training_Images/146.jpg
CAMO-V.1.0-CVIU2019/GT/camourflage_00147.png,CAMO-V.1.0-CVIU2019/Training_Images/147.jpg
CAMO-V.1.0-CVIU2019/GT/camourflage_00148.png,CAMO-V.1.0-CVIU2019/Training_Images/148.jpg
CAMO-V.1.0-CVIU2019/GT/camourflage_00149.png,CAMO-V.1.0-CVIU2019/Training_Images/149.jpg
CAMO-V.1.0-CVIU2019/GT/camourflage_00015.png,CAMO-V.1.0-CVIU2019/Training_Images/15.jpg
CAMO-V.1.0-CVIU2019/GT/camourflage_00150.png,CAMO-V.1.0-CVIU2019/Training_Images/150.jpg
CAMO-V.1.0-CVIU2019/GT/camourflage_00151.png,CAMO-V.1.0-CVIU2019/Training_Images/151.jpg
CAMO-V.1.0-CVIU2019/GT/camourflage_00152.png,CAMO-V.1.0-CVIU2019/Training_Images/152.jpg
CAMO-V.1.0-CVIU2019/GT/camourflage_00153.png,CAMO-V.1.0-CVIU2019/Training_Images/153.jpg
CAMO-V.1.0-CVIU2019/GT/camourflage_00154.png,CAMO-V.1.0-CVIU2019/Training_Images/154.jpg
CAMO-V.1.0-CVIU2019/GT/camourflage_00155.png,CAMO-V.1.0-CVIU2019/Training_Images/155.jpg
CAMO-V.1.0-CVIU2019/GT/camourflage_00156.png,CAMO-V.1.0-CVIU2019/Training_Images/156.jpg
CAMO-V.1.0-CVIU2019/GT/camourflage_00157.png,CAMO-V.1.0-CVIU2019/Training_Images/157.jpg
CAMO-V.1.0-CVIU2019/GT/camourflage_00158.png,CAMO-V.1.0-CVIU2019/Training_Images/158.jpg
CAMO-V.1.0-CVIU2019/GT/camourflage_00159.png,CAMO-V.1.0-CVIU2019/Training_Images/159.jpg
CAMO-V.1.0-CVIU2019/GT/camourflage_00016.png,CAMO-V.1.0-CVIU2019/Training_Images/16.jpg
CAMO-V.1.0-CVIU2019/GT/camourflage_00160.png,CAMO-V.1.0-CVIU2019/Training_Images/160.jpg
CAMO-V.1.0-CVIU2019/GT/camourflage_00161.png,CAMO-V.1.0-CVIU2019/Training_Images/161.jpg
CAMO-V.1.0-CVIU2019/GT/camourflage_00162.png,CAMO-V.1.0-CVIU2019/Training_Images/162.jpg
CAMO-V.1.0-CVIU2019/GT/camourflage_00163.png,CAMO-V.1.0-CVIU2019/Training_Images/163.jpg
CAMO-V.1.0-CVIU2019/GT/camourflage_00164.png,CAMO-V.1.0-CVIU2019/Training_Images/164.jpg
CAMO-V.1.0-CVIU2019/GT/camourflage_00165.png,CAMO-V.1.0-CVIU2019/Training_Images/165.jpg
CAMO-V.1.0-CVIU2019/GT/camourflage_00166.png,CAMO-V.1.0-CVIU2019/Training_Images/166.jpg
CAMO-V.1.0-CVIU2019/GT/camourflage_00167.png,CAMO-V.1.0-CVIU2019/Training_Images/167.jpg
CAMO-V.1.0-CVIU2019/GT/camourflage_00168.png,CAMO-V.1.0-CVIU2019/Training_Images/168.jpg
CAMO-V.1.0-CVIU2019/GT/camourflage_00169.png,CAMO-V.1.0-CVIU2019/Training_Images/169.jpg
CAMO-V.1.0-CVIU2019/GT/camourflage_00017.png,CAMO-V.1.0-CVIU2019/Training_Images/17.jpg
CAMO-V.1.0-CVIU2019/GT/camourflage_00170.png,CAMO-V.1.0-CVIU2019/Training_Images/170.jpg
CAMO-V.1.0-CVIU2019/GT/camourflage_00171.png,CAMO-V.1.0-CVIU2019/Training_Images/171.jpg
CAMO-V.1.0-CVIU2019/GT/camourflage_00172.png,CAMO-V.1.0-CVIU2019/Training_Images/172.jpg
CAMO-V.1.0-CVIU2019/GT/camourflage_00173.png,CAMO-V.1.0-CVIU2019/Training_Images/173.jpg
CAMO-V.1.0-CVIU2019/GT/camourflage_00174.png,CAMO-V.1.0-CVIU2019/Training_Images/174.jpg
CAMO-V.1.0-CVIU2019/GT/camourflage_00175.png,CAMO-V.1.0-CVIU2019/Training_Images/175.jpg
CAMO-V.1.0-CVIU2019/GT/camourflage_00176.png,CAMO-V.1.0-CVIU2019/Training_Images/176.jpg
CAMO-V.1.0-CVIU2019/GT/camourflage_00177.png,CAMO-V.1.0-CVIU2019/Training_Images/177.jpg
CAMO-V.1.0-CVIU2019/GT/camourflage_00178.png,CAMO-V.1.0-CVIU2019/Training_Images/178.jpg
CAMO-V.1.0-CVIU2019/GT/camourflage_00179.png,CAMO-V.1.0-CVIU2019/Training_Images/179.jpg
CAMO-V.1.0-CVIU2019/GT/camourflage_00018.png,CAMO-V.1.0-CVIU2019/Training_Images/18.jpg
CAMO-V.1.0-CVIU2019/GT/camourflage_00180.png,CAMO-V.1.0-CVIU2019/Training_Images/180.jpg
CAMO-V.1.0-CVIU2019/GT/camourflage_00181.png,CAMO-V.1.0-CVIU2019/Training_Images/181.jpg
CAMO-V.1.0-CVIU2019/GT/camourflage_00182.png,CAMO-V.1.0-CVIU2019/Training_Images/182.jpg
CAMO-V.1.0-CVIU2019/GT/camourflage_00183.png,CAMO-V.1.0-CVIU2019/Training_Images/183.jpg
CAMO-V.1.0-CVIU2019/GT/camourflage_00184.png,CAMO-V.1.0-CVIU2019/Training_Images/184.jpg
CAMO-V.1.0-CVIU2019/GT/camourflage_00185.png,CAMO-V.1.0-CVIU2019/Training_Images/185.jpg
CAMO-V.1.0-CVIU2019/GT/camourflage_00186.png,CAMO-V.1.0-CVIU2019/Training_Images/186.jpg
CAMO-V.1.0-CVIU2019/GT/camourflage_00187.png,CAMO-V.1.0-CVIU2019/Training_Images/187.jpg
CAMO-V.1.0-CVIU2019/GT/camourflage_00188.png,CAMO-V.1.0-CVIU2019/Training_Images/188.jpg
CAMO-V.1.0-CVIU2019/GT/camourflage_00189.png,CAMO-V.1.0-CVIU2019/Training_Images/189.jpg
CAMO-V.1.0-CVIU2019/GT/camourflage_00019.png,CAMO-V.1.0-CVIU2019/Training_Images/19.jpg
CAMO-V.1.0-CVIU2019/GT/camourflage_00190.png,CAMO-V.1.0-CVIU2019/Training_Images/190.jpg
CAMO-V.1.0-CVIU2019/GT/camourflage_00191.png,CAMO-V.1.0-CVIU2019/Training_Images/191.jpg
CAMO-V.1.0-CVIU2019/GT/camourflage_00192.png,CAMO-V.1.0-CVIU2019/Training_Images/192.jpg
CAMO-V.1.0-CVIU2019/GT/camourflage_00193.png,CAMO-V.1.0-CVIU2019/Training_Images/193.jpg
CAMO-V.1.0-CVIU2019/GT/camourflage_00194.png,CAMO-V.1.0-CVIU2019/Training_Images/194.jpg
CAMO-V.1.0-CVIU2019/GT/camourflage_00195.png,CAMO-V.1.0-CVIU2019/Training_Images/195.jpg
CAMO-V.1.0-CVIU2019/GT/camourflage_00196.png,CAMO-V.1.0-CVIU2019/Training_Images/196.jpg
CAMO-V.1.0-CVIU2019/GT/camourflage_00197.png,CAMO-V.1.0-CVIU2019/Training_Images/197.jpg
CAMO-V.1.0-CVIU2019/GT/camourflage_00198.png,CAMO-V.1.0-CVIU2019/Training_Images/198.jpg
CAMO-V.1.0-CVIU2019/GT/camourflage_00199.png,CAMO-V.1.0-CVIU2019/Training_Images/199.jpg
CAMO-V.1.0-CVIU2019/GT/camourflage_00002.png,CAMO-V.1.0-CVIU2019/Training_Images/2.jpg
CAMO-V.1.0-CVIU2019/GT/camourflage_00020.png,CAMO-V.1.0-CVIU2019/Training_Images/20.jpg
CAMO-V.1.0-CVIU2019/GT/camourflage_00200.png,CAMO-V.1.0-CVIU2019/Training_Images/200.jpg
CAMO-V.1.0-CVIU2019/GT/camourflage_00201.png,CAMO-V.1.0-CVIU2019/Training_Images/201.jpg
CAMO-V.1.0-CVIU2019/GT/camourflage_00202.png,CAMO-V.1.0-CVIU2019/Training_Images/202.jpg
CAMO-V.1.0-CVIU2019/GT/camourflage_00203.png,CAMO-V.1.0-CVIU2019/Training_Images/203.jpg
CAMO-V.1.0-CVIU2019/GT/camourflage_00204.png,CAMO-V.1.0-CVIU2019/Training_Images/204.jpg
CAMO-V.1.0-CVIU2019/GT/camourflage_00205.png,CAMO-V.1.0-CVIU2019/Training_Images/205.jpg
CAMO-V.1.0-CVIU2019/GT/camourflage_00206.png,CAMO-V.1.0-CVIU2019/Training_Images/206.jpg
CAMO-V.1.0-CVIU2019/GT/camourflage_00207.png,CAMO-V.1.0-CVIU2019/Training_Images/207.jpg
CAMO-V.1.0-CVIU2019/GT/camourflage_00208.png,CAMO-V.1.0-CVIU2019/Training_Images/208.jpg
CAMO-V.1.0-CVIU2019/GT/camourflage_00209.png,CAMO-V.1.0-CVIU2019/Training_Images/209.jpg
CAMO-V.1.0-CVIU2019/GT/camourflage_00021.png,CAMO-V.1.0-CVIU2019/Training_Images/21.jpg
CAMO-V.1.0-CVIU2019/GT/camourflage_00210.png,CAMO-V.1.0-CVIU2019/Training_Images/210.jpg
CAMO-V.1.0-CVIU2019/GT/camourflage_00211.png,CAMO-V.1.0-CVIU2019/Training_Images/211.jpg
CAMO-V.1.0-CVIU2019/GT/camourflage_00212.png,CAMO-V.1.0-CVIU2019/Training_Images/212.jpg
CAMO-V.1.0-CVIU2019/GT/camourflage_00213.png,CAMO-V.1.0-CVIU2019/Training_Images/213.jpg
CAMO-V.1.0-CVIU2019/GT/camourflage_00214.png,CAMO-V.1.0-CVIU2019/Training_Images/214.jpg
CAMO-V.1.0-CVIU2019/GT/camourflage_00215.png,CAMO-V.1.0-CVIU2019/Training_Images/215.jpg
CAMO-V.1.0-CVIU2019/GT/camourflage_00216.png,CAMO-V.1.0-CVIU2019/Training_Images/216.jpg
CAMO-V.1.0-CVIU2019/GT/camourflage_00217.png,CAMO-V.1.0-CVIU2019/Training_Images/217.jpg
CAMO-V.1.0-CVIU2019/GT/camourflage_00218.png,CAMO-V.1.0-CVIU2019/Training_Images/218.jpg
CAMO-V.1.0-CVIU2019/GT/camourflage_00219.png,CAMO-V.1.0-CVIU2019/Training_Images/219.jpg
CAMO-V.1.0-CVIU2019/GT/camourflage_00022.png,CAMO-V.1.0-CVIU2019/Training_Images/22.jpg
CAMO-V.1.0-CVIU2019/GT/camourflage_00220.png,CAMO-V.1.0-CVIU2019/Training_Images/220.jpg
CAMO-V.1.0-CVIU2019/GT/camourflage_00221.png,CAMO-V.1.0-CVIU2019/Training_Images/221.jpg
CAMO-V.1.0-CVIU2019/GT/camourflage_00222.png,CAMO-V.1.0-CVIU2019/Training_Images/222.jpg
CAMO-V.1.0-CVIU2019/GT/camourflage_00223.png,CAMO-V.1.0-CVIU2019/Training_Images/223.jpg
CAMO-V.1.0-CVIU2019/GT/camourflage_00224.png,CAMO-V.1.0-CVIU2019/Training_Images/224.jpg
CAMO-V.1.0-CVIU2019/GT/camourflage_00225.png,CAMO-V.1.0-CVIU2019/Training_Images/225.jpg
CAMO-V.1.0-CVIU2019/GT/camourflage_00226.png,CAMO-V.1.0-CVIU2019/Training_Images/226.jpg
CAMO-V.1.0-CVIU2019/GT/camourflage_00227.png,CAMO-V.1.0-CVIU2019/Training_Images/227.jpg
CAMO-V.1.0-CVIU2019/GT/camourflage_00228.png,CAMO-V.1.0-CVIU2019/Training_Images/228.jpg
CAMO-V.1.0-CVIU2019/GT/camourflage_00229.png,CAMO-V.1.0-CVIU2019/Training_Images/229.jpg
CAMO-V.1.0-CVIU2019/GT/camourflage_00023.png,CAMO-V.1.0-CVIU2019/Training_Images/23.jpg
CAMO-V.1.0-CVIU2019/GT/camourflage_00230.png,CAMO-V.1.0-CVIU2019/Training_Images/230.jpg
CAMO-V.1.0-CVIU2019/GT/camourflage_00231.png,CAMO-V.1.0-CVIU2019/Training_Images/231.jpg
CAMO-V.1.0-CVIU2019/GT/camourflage_00232.png,CAMO-V.1.0-CVIU2019/Training_Images/232.jpg
CAMO-V.1.0-CVIU2019/GT/camourflage_00233.png,CAMO-V.1.0-CVIU2019/Training_Images/233.jpg
CAMO-V.1.0-CVIU2019/GT/camourflage_00234.png,CAMO-V.1.0-CVIU2019/Training_Images/234.jpg
CAMO-V.1.0-CVIU2019/GT/camourflage_00235.png,CAMO-V.1.0-CVIU2019/Training_Images/235.jpg
CAMO-V.1.0-CVIU2019/GT/camourflage_00236.png,CAMO-V.1.0-CVIU2019/Training_Images/236.jpg
CAMO-V.1.0-CVIU2019/GT/camourflage_00237.png,CAMO-V.1.0-CVIU2019/Training_Images/237.jpg
CAMO-V.1.0-CVIU2019/GT/camourflage_00238.png,CAMO-V.1.0-CVIU2019/Training_Images/238.jpg
CAMO-V.1.0-CVIU2019/GT/camourflage_00239.png,CAMO-V.1.0-CVIU2019/Training_Images/239.jpg
CAMO-V.1.0-CVIU2019/GT/camourflage_00024.png,CAMO-V.1.0-CVIU2019/Training_Images/24.jpg
CAMO-V.1.0-CVIU2019/GT/camourflage_00240.png,CAMO-V.1.0-CVIU2019/Training_Images/240.jpg
CAMO-V.1.0-CVIU2019/GT/camourflage_00241.png,CAMO-V.1.0-CVIU2019/Training_Images/241.jpg
CAMO-V.1.0-CVIU2019/GT/camourflage_00242.png,CAMO-V.1.0-CVIU2019/Training_Images/242.jpg
CAMO-V.1.0-CVIU2019/GT/camourflage_00243.png,CAMO-V.1.0-CVIU2019/Training_Images/243.jpg
CAMO-V.1.0-CVIU2019/GT/camourflage_00244.png,CAMO-V.1.0-CVIU2019/Training_Images/244.jpg
CAMO-V.1.0-CVIU2019/GT/camourflage_00245.png,CAMO-V.1.0-CVIU2019/Training_Images/245.jpg
CAMO-V.1.0-CVIU2019/GT/camourflage_00246.png,CAMO-V.1.0-CVIU2019/Training_Images/246.jpg
CAMO-V.1.0-CVIU2019/GT/camourflage_00247.png,CAMO-V.1.0-CVIU2019/Training_Images/247.jpg
CAMO-V.1.0-CVIU2019/GT/camourflage_00248.png,CAMO-V.1.0-CVIU2019/Training_Images/248.jpg
CAMO-V.1.0-CVIU2019/GT/camourflage_00249.png,CAMO-V.1.0-CVIU2019/Training_Images/249.jpg
CAMO-V.1.0-CVIU2019/GT/camourflage_00025.png,CAMO-V.1.0-CVIU2019/Training_Images/25.jpg
CAMO-V.1.0-CVIU2019/GT/camourflage_00250.png,CAMO-V.1.0-CVIU2019/Training_Images/250.jpg
CAMO-V.1.0-CVIU2019/GT/camourflage_00251.png,CAMO-V.1.0-CVIU2019/Training_Images/251.jpg
CAMO-V.1.0-CVIU2019/GT/camourflage_00252.png,CAMO-V.1.0-CVIU2019/Training_Images/252.jpg
CAMO-V.1.0-CVIU2019/GT/camourflage_00253.png,CAMO-V.1.0-CVIU2019/Training_Images/253.jpg
CAMO-V.1.0-CVIU2019/GT/camourflage_00254.png,CAMO-V.1.0-CVIU2019/Training_Images/254.jpg
CAMO-V.1.0-CVIU2019/GT/camourflage_00255.png,CAMO-V.1.0-CVIU2019/Training_Images/255.jpg
CAMO-V.1.0-CVIU2019/GT/camourflage_00256.png,CAMO-V.1.0-CVIU2019/Training_Images/256.jpg
CAMO-V.1.0-CVIU2019/GT/camourflage_00257.png,CAMO-V.1.0-CVIU2019/Training_Images/257.jpg
CAMO-V.1.0-CVIU2019/GT/camourflage_00258.png,CAMO-V.1.0-CVIU2019/Training_Images/258.jpg
CAMO-V.1.0-CVIU2019/GT/camourflage_00259.png,CAMO-V.1.0-CVIU2019/Training_Images/259.jpg
CAMO-V.1.0-CVIU2019/GT/camourflage_00026.png,CAMO-V.1.0-CVIU2019/Training_Images/26.jpg
CAMO-V.1.0-CVIU2019/GT/camourflage_00260.png,CAMO-V.1.0-CVIU2019/Training_Images/260.jpg
CAMO-V.1.0-CVIU2019/GT/camourflage_00261.png,CAMO-V.1.0-CVIU2019/Training_Images/261.jpg
CAMO-V.1.0-CVIU2019/GT/camourflage_00262.png,CAMO-V.1.0-CVIU2019/Training_Images/262.jpg
CAMO-V.1.0-CVIU2019/GT/camourflage_00263.png,CAMO-V.1.0-CVIU2019/Training_Images/263.jpg
CAMO-V.1.0-CVIU2019/GT/camourflage_00264.png,CAMO-V.1.0-CVIU2019/Training_Images/264.jpg
CAMO-V.1.0-CVIU2019/GT/camourflage_00265.png,CAMO-V.1.0-CVIU2019/Training_Images/265.jpg
CAMO-V.1.0-CVIU2019/GT/camourflage_00266.png,CAMO-V.1.0-CVIU2019/Training_Images/266.jpg
CAMO-V.1.0-CVIU2019/GT/camourflage_00267.png,CAMO-V.1.0-CVIU2019/Training_Images/267.jpg
CAMO-V.1.0-CVIU2019/GT/camourflage_00268.png,CAMO-V.1.0-CVIU2019/Training_Images/268.jpg
CAMO-V.1.0-CVIU2019/GT/camourflage_00269.png,CAMO-V.1.0-CVIU2019/Training_Images/269.jpg
CAMO-V.1.0-CVIU2019/GT/camourflage_00027.png,CAMO-V.1.0-CVIU2019/Training_Images/27.jpg
CAMO-V.1.0-CVIU2019/GT/camourflage_00270.png,CAMO-V.1.0-CVIU2019/Training_Images/270.jpg
CAMO-V.1.0-CVIU2019/GT/camourflage_00271.png,CAMO-V.1.0-CVIU2019/Training_Images/271.jpg
CAMO-V.1.0-CVIU2019/GT/camourflage_00272.png,CAMO-V.1.0-CVIU2019/Training_Images/272.jpg
CAMO-V.1.0-CVIU2019/GT/camourflage_00273.png,CAMO-V.1.0-CVIU2019/Training_Images/273.jpg
CAMO-V.1.0-CVIU2019/GT/camourflage_00274.png,CAMO-V.1.0-CVIU2019/Training_Images/274.jpg
CAMO-V.1.0-CVIU2019/GT/camourflage_00275.png,CAMO-V.1.0-CVIU2019/Training_Images/275.jpg
CAMO-V.1.0-CVIU2019/GT/camourflage_00276.png,CAMO-V.1.0-CVIU2019/Training_Images/276.jpg
CAMO-V.1.0-CVIU2019/GT/camourflage_00277.png,CAMO-V.1.0-CVIU2019/Training_Images/277.jpg
CAMO-V.1.0-CVIU2019/GT/camourflage_00278.png,CAMO-V.1.0-CVIU2019/Training_Images/278.jpg
CAMO-V.1.0-CVIU2019/GT/camourflage_00279.png,CAMO-V.1.0-CVIU2019/Training_Images/279.jpg
CAMO-V.1.0-CVIU2019/GT/camourflage_00028.png,CAMO-V.1.0-CVIU2019/Training_Images/28.jpg
CAMO-V.1.0-CVIU2019/GT/camourflage_00280.png,CAMO-V.1.0-CVIU2019/Training_Images/280.jpg
CAMO-V.1.0-CVIU2019/GT/camourflage_00281.png,CAMO-V.1.0-CVIU2019/Training_Images/281.jpg
CAMO-V.1.0-CVIU2019/GT/camourflage_00282.png,CAMO-V.1.0-CVIU2019/Training_Images/282.jpg
CAMO-V.1.0-CVIU2019/GT/camourflage_00283.png,CAMO-V.1.0-CVIU2019/Training_Images/283.jpg
CAMO-V.1.0-CVIU2019/GT/camourflage_00284.png,CAMO-V.1.0-CVIU2019/Training_Images/284.jpg
CAMO-V.1.0-CVIU2019/GT/camourflage_00285.png,CAMO-V.1.0-CVIU2019/Training_Images/285.jpg
CAMO-V.1.0-CVIU2019/GT/camourflage_00286.png,CAMO-V.1.0-CVIU2019/Training_Images/286.jpg
CAMO-V.1.0-CVIU2019/GT/camourflage_00287.png,CAMO-V.1.0-CVIU2019/Training_Images/287.jpg
CAMO-V.1.0-CVIU2019/GT/camourflage_00288.png,CAMO-V.1.0-CVIU2019/Training_Images/288.jpg
CAMO-V.1.0-CVIU2019/GT/camourflage_00289.png,CAMO-V.1.0-CVIU2019/Training_Images/289.jpg
CAMO-V.1.0-CVIU2019/GT/camourflage_00029.png,CAMO-V.1.0-CVIU2019/Training_Images/29.jpg
CAMO-V.1.0-CVIU2019/GT/camourflage_00003.png,CAMO-V.1.0-CVIU2019/Training_Images/3.jpg
CAMO-V.1.0-CVIU2019/GT/camourflage_00030.png,CAMO-V.1.0-CVIU2019/Training_Images/30.jpg
CAMO-V.1.0-CVIU2019/GT/camourflage_00300.png,CAMO-V.1.0-CVIU2019/Training_Images/300.jpg
CAMO-V.1.0-CVIU2019/GT/camourflage_00031.png,CAMO-V.1.0-CVIU2019/Training_Images/31.jpg
CAMO-V.1.0-CVIU2019/GT/camourflage_00032.png,CAMO-V.1.0-CVIU2019/Training_Images/32.jpg
CAMO-V.1.0-CVIU2019/GT/camourflage_00033.png,CAMO-V.1.0-CVIU2019/Training_Images/33.jpg
CAMO-V.1.0-CVIU2019/GT/camourflage_00034.png,CAMO-V.1.0-CVIU2019/Training_Images/34.jpg
CAMO-V.1.0-CVIU2019/GT/camourflage_00035.png,CAMO-V.1.0-CVIU2019/Training_Images/35.jpg
CAMO-V.1.0-CVIU2019/GT/camourflage_00036.png,CAMO-V.1.0-CVIU2019/Training_Images/36.jpg
CAMO-V.1.0-CVIU2019/GT/camourflage_00037.png,CAMO-V.1.0-CVIU2019/Training_Images/37.jpg
CAMO-V.1.0-CVIU2019/GT/camourflage_00038.png,CAMO-V.1.0-CVIU2019/Training_Images/38.jpg
CAMO-V.1.0-CVIU2019/GT/camourflage_00039.png,CAMO-V.1.0-CVIU2019/Training_Images/39.jpg
CAMO-V.1.0-CVIU2019/GT/camourflage_00004.png,CAMO-V.1.0-CVIU2019/Training_Images/4.jpg
CAMO-V.1.0-CVIU2019/GT/camourflage_00040.png,CAMO-V.1.0-CVIU2019/Training_Images/40.jpg
CAMO-V.1.0-CVIU2019/GT/camourflage_00041.png,CAMO-V.1.0-CVIU2019/Training_Images/41.jpg
CAMO-V.1.0-CVIU2019/GT/camourflage_00042.png,CAMO-V.1.0-CVIU2019/Training_Images/42.jpg
CAMO-V.1.0-CVIU2019/GT/camourflage_00043.png,CAMO-V.1.0-CVIU2019/Training_Images/43.jpg
CAMO-V.1.0-CVIU2019/GT/camourflage_00044.png,CAMO-V.1.0-CVIU2019/Training_Images/44.jpg
CAMO-V.1.0-CVIU2019/GT/camourflage_00045.png,CAMO-V.1.0-CVIU2019/Training_Images/45.jpg
CAMO-V.1.0-CVIU2019/GT/camourflage_00046.png,CAMO-V.1.0-CVIU2019/Training_Images/46.jpg
CAMO-V.1.0-CVIU2019/GT/camourflage_00047.png,CAMO-V.1.0-CVIU2019/Training_Images/47.jpg
CAMO-V.1.0-CVIU2019/GT/camourflage_00048.png,CAMO-V.1.0-CVIU2019/Training_Images/48.jpg
CAMO-V.1.0-CVIU2019/GT/camourflage_00049.png,CAMO-V.1.0-CVIU2019/Training_Images/49.jpg
CAMO-V.1.0-CVIU2019/GT/camourflage_00005.png,CAMO-V.1.0-CVIU2019/Training_Images/5.jpg
CAMO-V.1.0-CVIU2019/GT/camourflage_00050.png,CAMO-V.1.0-CVIU2019/Training_Images/50.jpg
CAMO-V.1.0-CVIU2019/GT/camourflage_00051.png,CAMO-V.1.0-CVIU2019/Training_Images/51.jpg
CAMO-V.1.0-CVIU2019/GT/camourflage_00052.png,CAMO-V.1.0-CVIU2019/Training_Images/52.jpg
CAMO-V.1.0-CVIU2019/GT/camourflage_00053.png,CAMO-V.1.0-CVIU2019/Training_Images/53.jpg
CAMO-V.1.0-CVIU2019/GT/camourflage_00054.png,CAMO-V.1.0-CVIU2019/Training_Images/54.jpg
CAMO-V.1.0-CVIU2019/GT/camourflage_00055.png,CAMO-V.1.0-CVIU2019/Training_Images/55.jpg
CAMO-V.1.0-CVIU2019/GT/camourflage_00056.png,CAMO-V.1.0-CVIU2019/Training_Images/56.jpg
CAMO-V.1.0-CVIU2019/GT/camourflage_00057.png,CAMO-V.1.0-CVIU2019/Training_Images/57.jpg
CAMO-V.1.0-CVIU2019/GT/camourflage_00058.png,CAMO-V.1.0-CVIU2019/Training_Images/58.jpg
CAMO-V.1.0-CVIU2019/GT/camourflage_00059.png,CAMO-V.1.0-CVIU2019/Training_Images/59.jpg
CAMO-V.1.0-CVIU2019/GT/camourflage_00006.png,CAMO-V.1.0-CVIU2019/Training_Images/6.jpg
CAMO-V.1.0-CVIU2019/GT/camourflage_00060.png,CAMO-V.1.0-CVIU2019/Training_Images/60.jpg
CAMO-V.1.0-CVIU2019/GT/camourflage_00061.png,CAMO-V.1.0-CVIU2019/Training_Images/61.jpg
CAMO-V.1.0-CVIU2019/GT/camourflage_00062.png,CAMO-V.1.0-CVIU2019/Training_Images/62.jpg
CAMO-V.1.0-CVIU2019/GT/camourflage_00063.png,CAMO-V.1.0-CVIU2019/Training_Images/63.jpg
CAMO-V.1.0-CVIU2019/GT/camourflage_00064.png,CAMO-V.1.0-CVIU2019/Training_Images/64.jpg
CAMO-V.1.0-CVIU2019/GT/camourflage_00065.png,CAMO-V.1.0-CVIU2019/Training_Images/65.jpg
CAMO-V.1.0-CVIU2019/GT/camourflage_00066.png,CAMO-V.1.0-CVIU2019/Training_Images/66.jpg
CAMO-V.1.0-CVIU2019/GT/camourflage_00067.png,CAMO-V.1.0-CVIU2019/Training_Images/67.jpg
CAMO-V.1.0-CVIU2019/GT/camourflage_00068.png,CAMO-V.1.0-CVIU2019/Training_Images/68.jpg
CAMO-V.1.0-CVIU2019/GT/camourflage_00069.png,CAMO-V.1.0-CVIU2019/Training_Images/69.jpg
CAMO-V.1.0-CVIU2019/GT/camourflage_00007.png,CAMO-V.1.0-CVIU2019/Training_Images/7.jpg
CAMO-V.1.0-CVIU2019/GT/camourflage_00070.png,CAMO-V.1.0-CVIU2019/Training_Images/70.jpg
CAMO-V.1.0-CVIU2019/GT/camourflage_00071.png,CAMO-V.1.0-CVIU2019/Training_Images/71.jpg
CAMO-V.1.0-CVIU2019/GT/camourflage_00072.png,CAMO-V.1.0-CVIU2019/Training_Images/72.jpg
CAMO-V.1.0-CVIU2019/GT/camourflage_00073.png,CAMO-V.1.0-CVIU2019/Training_Images/73.jpg
CAMO-V.1.0-CVIU2019/GT/camourflage_00074.png,CAMO-V.1.0-CVIU2019/Training_Images/74.jpg
CAMO-V.1.0-CVIU2019/GT/camourflage_00075.png,CAMO-V.1.0-CVIU2019/Training_Images/75.jpg
CAMO-V.1.0-CVIU2019/GT/camourflage_00076.png,CAMO-V.1.0-CVIU2019/Training_Images/76.jpg
CAMO-V.1.0-CVIU2019/GT/camourflage_00077.png,CAMO-V.1.0-CVIU2019/Training_Images/77.jpg
CAMO-V.1.0-CVIU2019/GT/camourflage_00078.png,CAMO-V.1.0-CVIU2019/Training_Images/78.jpg
CAMO-V.1.0-CVIU2019/GT/camourflage_00079.png,CAMO-V.1.0-CVIU2019/Training_Images/79.jpg
CAMO-V.1.0-CVIU2019/GT/camourflage_00008.png,CAMO-V.1.0-CVIU2019/Training_Images/8.jpg
CAMO-V.1.0-CVIU2019/GT/camourflage_00080.png,CAMO-V.1.0-CVIU2019/Training_Images/80.jpg
CAMO-V.1.0-CVIU2019/GT/camourflage_00081.png,CAMO-V.1.0-CVIU2019/Training_Images/81.jpg
CAMO-V.1.0-CVIU2019/GT/camourflage_00082.png,CAMO-V.1.0-CVIU2019/Training_Images/82.jpg
CAMO-V.1.0-CVIU2019/GT/camourflage_00083.png,CAMO-V.1.0-CVIU2019/Training_Images/83.jpg
CAMO-V.1.0-CVIU2019/GT/camourflage_00084.png,CAMO-V.1.0-CVIU2019/Training_Images/84.jpg
CAMO-V.1.0-CVIU2019/GT/camourflage_00085.png,CAMO-V.1.0-CVIU2019/Training_Images/85.jpg
CAMO-V.1.0-CVIU2019/GT/camourflage_00086.png,CAMO-V.1.0-CVIU2019/Training_Images/86.jpg
CAMO-V.1.0-CVIU2019/GT/camourflage_00087.png,CAMO-V.1.0-CVIU2019/Training_Images/87.jpg
CAMO-V.1.0-CVIU2019/GT/camourflage_00088.png,CAMO-V.1.0-CVIU2019/Training_Images/88.jpg
CAMO-V.1.0-CVIU2019/GT/camourflage_00089.png,CAMO-V.1.0-CVIU2019/Training_Images/89.jpg
CAMO-V.1.0-CVIU2019/GT/camourflage_00009.png,CAMO-V.1.0-CVIU2019/Training_Images/9.jpg
CAMO-V.1.0-CVIU2019/GT/camourflage_00090.png,CAMO-V.1.0-CVIU2019/Training_Images/90.jpg
CAMO-V.1.0-CVIU2019/GT/camourflage_00091.png,CAMO-V.1.0-CVIU2019/Training_Images/91.jpg
CAMO-V.1.0-CVIU2019/GT/camourflage_00092.png,CAMO-V.1.0-CVIU2019/Training_Images/92.jpg
CAMO-V.1.0-CVIU2019/GT/camourflage_00093.png,CAMO-V.1.0-CVIU2019/Training_Images/93.jpg
CAMO-V.1.0-CVIU2019/GT/camourflage_00094.png,CAMO-V.1.0-CVIU2019/Training_Images/94.jpg
CAMO-V.1.0-CVIU2019/GT/camourflage_00095.png,CAMO-V.1.0-CVIU2019/Training_Images/95.jpg
CAMO-V.1.0-CVIU2019/GT/camourflage_00096.png,CAMO-V.1.0-CVIU2019/Training_Images/96.jpg
CAMO-V.1.0-CVIU2019/GT/camourflage_00097.png,CAMO-V.1.0-CVIU2019/Training_Images/97.jpg
CAMO-V.1.0-CVIU2019/GT/camourflage_00098.png,CAMO-V.1.0-CVIU2019/Training_Images/98.jpg
CAMO-V.1.0-CVIU2019/GT/camourflage_00099.png,CAMO-V.1.0-CVIU2019/Training_Images/99.jpg
